Store_ID,Day_of_Week,Month,Holiday,Promo,Temperature,Rainfall,Store_Size,Store_Location_Type,Competitor_Distance,Customer_Satisfaction,Marketing_Spend,Special_Event,Sales
3,3,4,0,0,31.388870355270008,7.888069818707443,Small,Suburban,2.4383385289745387,7.8,2546.162027292112,0,1334
1,5,10,1,0,37.74920965027006,1.737534753075668,Medium,Urban,5.773307018371719,5.6,3045.101848803005,0,1343
3,1,5,0,1,31.134431695667324,7.708541085409898,Large,Rural,7.464177312281911,7.2,2969.3019200047274,0,1729
3,4,9,0,0,34.41626192621013,9.47297888256338,Large,Suburban,6.351861777471701,7.3,3309.116116932525,1,1348
1,1,8,0,1,36.1062993471581,1.6637758693227234,Small,Urban,2.286234978846453,9.3,4462.308582498209,0,1777
1,4,3,0,1,39.77457563910886,7.709842925321356,Large,Suburban,3.8761534025145243,7.7,4922.957374333718,0,1697
3,1,1,0,1,32.06394804353959,7.085720046026294,Small,Suburban,7.946021952611273,6.9,2630.336834295268,0,1760
2,6,3,0,0,36.13700297925172,4.735738884350885,Small,Suburban,5.765151884254158,9.9,4310.075688425212,1,1510
3,5,4,1,1,39.25298637109749,0.5792046055879829,Small,Urban,0.5496813286576709,5.6,4058.111178618871,1,1988
3,4,2,0,1,38.888194511545464,0.7469441775785401,Small,Rural,7.729412220266892,7.1,3294.115805822293,1,1730
3,7,1,0,1,22.82163697555427,8.524146591986476,Small,Rural,0.8354578719322712,5.2,4824.188574447732,1,1397
3,3,7,1,0,28.12784616547044,9.90148372750647,Large,Urban,7.5844709359467055,8.7,1801.898062113611,1,1773
1,1,8,1,0,26.479801222135993,6.760522571867544,Medium,Suburban,2.4235653215697557,9.6,1437.0568412384857,1,1866
3,1,7,1,1,21.738500299006986,4.459583070103214,Medium,Urban,9.601698061134112,6.4,4415.847867821689,1,2177
2,4,5,1,0,32.66481549821921,6.475736434019076,Large,Urban,3.9954371373698025,9.3,2756.599266534993,0,1453
1,3,12,1,0,34.71809226392004,5.943958592285453,Large,Urban,3.6058503552117513,6.5,4387.875416828241,0,1629
2,3,1,1,0,36.962561909337666,3.836122604056218,Medium,Suburban,1.9144364781582244,9.6,4572.36082078166,0,1610
2,6,7,1,0,22.45553779325417,0.6562614457401295,Medium,Urban,3.403240047157041,8.8,1249.8303744762857,0,987
2,7,7,0,0,37.52888151750588,8.21512947407441,Medium,Suburban,8.828182237367905,9.0,4533.859051944242,1,1378
2,6,9,0,0,32.858511272285064,3.7183352923872457,Medium,Urban,9.96517620745885,5.1,2793.2762214776885,0,918
1,6,3,1,0,34.078922702770186,8.187856433570937,Medium,Rural,3.998940539815059,9.8,3041.7299560169286,0,1355
1,6,9,0,0,38.21248007080608,2.525087496883822,Small,Urban,4.761800994068154,8.6,3506.3700443728408,0,1125
2,6,1,0,0,32.495225420865026,0.010294798456333965,Large,Urban,7.359673912926002,6.5,4705.530426920347,0,822
2,6,1,0,0,26.717317142996702,1.5893828327675652,Small,Rural,8.918859914418208,9.1,1076.464377719056,1,1081
1,5,4,1,1,36.5021466284532,4.6853941676858435,Medium,Suburban,6.133921174774449,6.4,2907.373873271268,1,1841
1,3,9,1,1,27.26118424390181,9.443036349578298,Medium,Suburban,4.219494132689379,9.4,3750.8881697222428,1,2037
1,6,6,0,0,20.684562216410583,1.0219361969371898,Medium,Urban,4.419907488061925,5.6,3890.827830792914,0,780
3,3,11,1,1,36.61309013130499,8.54209774461566,Small,Rural,7.108372391719665,8.5,3770.129726148432,1,2220
3,3,3,0,1,26.903842897625513,5.270240962118621,Small,Suburban,0.5305735042406474,7.7,1537.7405176324874,0,1463
3,2,1,0,0,35.4766904640268,8.259207657998966,Medium,Urban,6.386098705868487,5.5,2197.582353486725,1,1549
2,5,4,0,0,27.25515789331891,2.983744309899926,Small,Rural,3.8771835991928953,6.2,2434.8621016680536,1,1238
3,6,12,0,0,37.22136039949443,8.399471646724718,Small,Suburban,8.0448746471323,5.1,4217.74883071802,1,1035
2,1,9,1,1,24.390210501619173,7.728227800168045,Medium,Suburban,1.3834110783197555,7.3,2115.039489658212,1,2131
2,4,3,1,1,39.4909453039774,2.300536830314339,Small,Rural,6.08792153600971,6.5,1842.8198554688126,1,1981
3,7,12,1,0,35.595175495760614,1.3133512640937806,Large,Rural,5.069242453918176,8.0,4829.792076152385,0,1442
2,1,9,0,0,22.284758518407937,8.680543225322928,Large,Rural,6.60209249609966,6.5,1035.4531404538757,1,1464
3,5,7,1,0,31.31553239933121,9.632366534401319,Large,Rural,1.1161091475881992,6.5,4991.283422727913,0,1324
3,4,12,0,1,39.707346244834696,0.3130231374751624,Large,Urban,6.009845980567247,8.7,3707.2851954295825,0,1732
1,5,4,1,1,29.421309053876286,7.312700669736856,Medium,Rural,5.834103585615475,5.2,4313.877197796468,0,1489
3,3,3,0,1,23.642142776431665,9.095245109478183,Medium,Suburban,5.826270896953623,9.5,2178.4775853847727,0,1655
1,4,10,0,1,29.69556734300692,8.573600920924987,Medium,Suburban,6.233132832666321,9.3,1057.26111066824,0,1309
3,3,5,0,0,30.249153117638432,9.645204722702086,Large,Urban,6.926445403650441,8.3,3951.4780742461203,1,1569
3,1,5,1,0,34.83373888457331,7.600940784380972,Large,Suburban,8.147395496967313,8.0,4336.578388002703,1,1913
1,1,3,1,0,33.97691706321809,4.422987623809103,Small,Suburban,3.0632968412180364,9.5,3961.9045278140766,1,1978
1,4,12,1,0,28.05100087193961,3.1195199049513045,Small,Rural,8.33796939671059,5.9,1571.4011492033544,1,1402
3,4,9,1,1,24.36046214988173,3.2074274043812743,Large,Suburban,5.23342898150281,5.4,4013.711689027876,0,1656
2,6,4,0,1,32.90108335538659,7.24422672614117,Large,Urban,1.232053651776146,6.2,4075.691128430564,1,1529
1,5,11,1,0,28.434078691065636,7.4583701203096435,Large,Rural,1.0562338278178025,9.0,3634.1620626802196,1,1715
2,6,5,1,0,22.64552422250661,2.0035914354871265,Large,Rural,3.6752640276125774,5.2,4064.463731182345,0,1174
2,5,4,0,1,38.01144602472772,8.68122813490531,Small,Urban,7.956521282558942,7.9,4383.685758710928,0,1654
2,6,5,0,0,33.824437152193084,7.1492404020224765,Large,Rural,7.2229688800386995,10.0,3454.416456949834,1,1379
1,3,7,0,1,33.663677128909626,5.627502863433826,Small,Rural,7.991842164387861,9.3,1354.4188558787164,1,1707
2,4,9,1,0,36.45167751823348,4.715324601025127,Large,Urban,5.414056036195289,7.6,2950.5112386688434,0,1364
1,1,7,0,0,30.59323357310162,5.432328057899581,Large,Rural,4.68189048057716,5.3,1310.5973386864202,1,1422
2,5,5,0,0,36.30108856804914,1.5924573827926447,Large,Urban,1.9007990037096976,9.2,2630.1721241297237,1,1652
3,5,10,0,0,29.961815070220116,2.037012492762742,Small,Urban,3.6178311592884596,8.0,2628.4259565025104,1,1173
3,1,10,1,0,21.3435079983142,0.9116449040619168,Small,Suburban,4.623183978651815,5.6,1264.0393765609663,1,1747
1,6,7,0,0,28.104961760553774,1.5365803816111268,Medium,Suburban,1.3417040819563637,5.5,2395.2821358779174,0,767
3,5,10,1,0,29.94929787959781,4.536936346052826,Large,Rural,2.5958135507565068,9.5,1443.9923951652593,0,1249
3,7,5,1,1,34.40405163264592,5.303543937282561,Medium,Rural,6.183140293605518,8.3,4232.940840036888,0,1457
2,3,3,0,1,22.131574602573487,0.17861892478319374,Medium,Urban,7.488799585272304,9.1,4790.752103857883,1,1839
1,4,7,0,1,22.80037077320898,7.967978278640276,Small,Rural,9.984301358233022,9.4,1289.2659010317543,1,1625
2,1,11,1,1,25.27367605269233,2.941679733434779,Small,Urban,9.364576647763798,7.9,4820.4608291668055,1,2401
2,4,11,0,1,25.329967867417643,9.118360349599111,Medium,Urban,6.604369395584319,7.6,3090.3063973469807,1,1580
2,7,2,0,0,34.64369156918124,9.675112636137777,Large,Rural,4.501856506293684,7.2,2198.2627118154955,1,1049
2,5,12,1,0,25.014613211231953,1.8545887467665434,Small,Urban,6.543684964728211,6.6,1307.448301104654,0,1044
2,5,9,1,1,32.66196126714895,4.620972907656606,Large,Suburban,7.963690371762204,7.2,3002.4970722816715,1,1868
2,7,10,0,0,29.885477002765427,0.012318351664258875,Large,Rural,1.6241938137721794,8.9,4178.062177962995,1,1291
2,1,10,1,1,31.465887563588012,5.9832726512242695,Medium,Suburban,4.394096452114738,8.0,3828.3459090667925,0,2170
1,3,12,0,1,36.76213926356591,6.073064482626712,Medium,Rural,8.478121713538364,9.5,1200.904045855895,1,1942
3,2,1,0,0,28.087630030980485,2.475399556033752,Medium,Urban,4.146413043363918,7.2,1291.607341471614,0,1153
2,1,6,0,0,35.41822754128541,5.584126725831979,Medium,Rural,5.932786576658272,8.0,2611.493130530548,0,1539
2,2,7,1,0,28.440721191013747,2.2554014244373546,Small,Suburban,6.083808928190883,8.2,2181.161976191773,0,1653
2,7,8,0,1,27.07742753122499,1.6082546907819006,Small,Urban,2.2525244047695736,8.0,1929.5372922241913,0,1077
2,6,10,0,0,39.17254354626441,6.515194668022647,Medium,Rural,3.9412366956967397,8.5,2124.0179956348543,0,1011
2,2,9,0,1,23.687418413579266,3.2592546395207487,Small,Rural,3.677857243048355,6.2,4213.930973187538,1,1761
2,3,2,1,1,21.806739211552156,5.902639388856224,Medium,Rural,0.7488687310546156,7.6,4716.912214527416,0,1736
3,6,11,1,1,35.41971851070957,4.3324674897165565,Large,Suburban,0.7298217569678749,5.5,2620.4107781102657,0,1294
3,2,10,1,0,21.36499410708183,9.84351407402904,Large,Suburban,8.401121914919848,6.9,4624.444008529988,1,1603
2,7,2,1,0,36.741579814060586,1.4958064266756577,Large,Rural,3.094172694741718,7.4,2285.9828049915277,1,1391
3,6,5,1,1,28.74386792714487,4.645985966358102,Medium,Urban,5.421748279268747,8.3,2905.7479453751666,0,1641
1,7,5,0,0,38.310273545838285,6.8045662635932525,Large,Urban,3.337892949093344,9.8,1904.115991263999,1,1239
2,2,6,1,0,34.430657222438114,3.9554508387996865,Small,Suburban,9.436452828595735,8.0,3561.904168703376,1,1763
1,7,3,1,0,32.20809334015915,9.7469985187069,Large,Urban,2.9633192092248506,8.7,4915.924460699236,0,1444
1,3,8,1,1,38.98613594115531,7.218876279269351,Large,Suburban,4.581739721019884,7.5,3413.9723841735145,0,1772
2,2,1,0,1,27.932987461041087,6.569838575644931,Large,Rural,8.790937379603717,8.2,2431.2563364541957,1,1694
3,2,6,1,0,39.081738730792665,7.570592676112233,Small,Suburban,8.498368884522183,5.4,3591.2697839621137,0,1404
1,2,4,1,1,22.70002554842414,9.52648638038717,Medium,Suburban,2.2679634695396347,6.3,1491.6827138615504,0,1579
2,1,1,0,0,29.675098838648253,9.078186529846402,Small,Rural,8.12511144305925,6.8,4554.636321061595,1,1473
1,1,7,1,0,25.398224447843898,7.242853081264119,Medium,Urban,4.85277542400998,7.4,3012.3358031193457,0,1597
1,1,9,0,0,30.796855578163868,7.491616391012831,Medium,Suburban,5.088204284810875,5.2,2797.398968158568,0,1414
1,3,4,0,0,23.240277557831693,1.4592207403514545,Large,Suburban,1.768059737951466,5.7,3343.4591538140767,0,1061
1,6,4,0,1,36.83059320620087,1.027924044926657,Medium,Rural,1.2657143806926843,6.4,3499.1354511576096,0,1344
3,7,6,0,1,36.92815698629114,5.709045018441643,Small,Urban,7.4154234162507695,9.9,1287.1032249060522,0,1255
1,5,12,0,1,39.10472625446958,0.1836763694054,Small,Suburban,5.216380947375348,6.7,3730.46888489361,1,1671
1,2,3,1,0,23.093442817664723,4.823563815515915,Medium,Rural,4.6500816748442055,7.4,1967.7267212621182,1,1687
1,7,12,0,0,32.46665101809981,2.103495799188686,Large,Suburban,7.430328172197769,6.0,3855.810530026359,0,882
3,2,6,0,0,29.48474617400739,3.460165676448396,Large,Rural,7.772372540415542,8.1,4290.1391775367865,1,1608
1,3,7,1,1,26.887674640884665,7.758047357929561,Small,Urban,2.009627592858859,6.4,4215.8340302100805,0,1880
1,2,11,0,0,27.030803222684376,9.412375042323864,Large,Urban,6.297138920037592,6.0,3210.0038696315564,0,1395
3,1,10,1,1,28.255871012135046,0.724162721463415,Medium,Urban,1.7858637816380125,7.6,3080.6795692430046,0,2134
3,5,10,1,1,34.09851099377906,5.342422059764451,Medium,Urban,7.638063317275934,5.0,1571.503845357647,0,1487
3,4,3,1,1,31.965721165363092,8.825334858196,Small,Suburban,6.741073984537826,5.0,4101.384601612543,0,1375
1,2,7,0,1,29.193630255222622,0.8250853444042128,Medium,Suburban,9.587838900292851,6.1,2085.637521786857,1,1843
3,7,3,0,1,21.51866820739244,8.245140468968339,Small,Urban,1.155101155386001,5.2,2986.7816912717863,1,1277
3,1,2,0,1,21.555306881579142,3.5780135092827137,Medium,Urban,1.042019850936916,5.5,2137.0963717100667,0,1435
1,4,12,1,0,20.046787812515564,3.2209470221933536,Small,Urban,3.1807772095854014,6.7,1535.3134519987725,1,1382
3,5,10,0,0,39.35398776414173,9.774663863147858,Large,Suburban,2.9862039954911066,9.0,3518.230787566946,0,1298
1,4,4,0,1,20.105076371167698,2.0085908986229417,Medium,Urban,2.846298591183998,7.9,1217.3281392916153,1,1754
2,1,12,0,1,22.061874920274896,6.9319394082268095,Medium,Urban,9.109418514949848,7.6,3994.5809365048,0,1767
3,6,8,1,0,26.291931136188218,8.214407280098664,Small,Urban,2.870688898570308,6.5,2270.3471810444667,1,1185
2,6,9,1,1,36.148605036335226,0.41183495279271676,Small,Rural,3.0835223982219944,9.7,1000.5387720179413,0,1693
1,4,7,0,1,39.24197571528235,6.703854583544122,Medium,Urban,7.714283492970655,7.0,3044.516556948919,0,1508
3,3,1,0,0,35.800271175837125,9.515499743553269,Small,Rural,4.77252850328013,5.4,1187.4076341104126,1,1276
1,7,3,0,1,33.81120464891281,1.2421996672805935,Medium,Rural,7.878750291074222,8.1,2104.6782312835976,1,1370
2,7,12,0,1,30.42601334827139,8.962213026850383,Large,Urban,1.1209784968616598,5.6,3827.905949822865,0,1007
1,4,9,1,1,21.73410423724367,5.947766373769361,Small,Rural,5.131926339897151,6.7,1250.7584864874634,1,1632
3,2,12,1,0,39.16341586007861,6.16604581862474,Medium,Urban,0.8193292017411851,7.5,4357.35396942401,0,1815
3,2,1,1,0,35.16784827891363,6.12944174865606,Large,Suburban,1.095205432825868,9.4,1015.2796906343324,1,1872
2,7,9,1,0,32.778987706685236,2.988358863373138,Large,Suburban,9.111155806771905,7.5,1987.295476807609,1,1318
1,7,8,0,1,35.180716910776994,9.352018152994596,Medium,Suburban,1.822831025617154,8.5,3963.616224608286,0,1223
3,6,1,0,1,34.482066585462775,9.473504626310387,Small,Suburban,5.557996481614563,10.0,2265.0805989172272,1,1561
2,3,6,0,0,32.74463159578974,6.253046602139478,Medium,Rural,4.405408224706712,5.7,1407.569552264054,1,1379
3,1,5,1,1,39.61153600359977,7.834227259416147,Large,Urban,3.7997615994590053,6.4,2440.9356752017115,0,2029
3,2,6,0,1,38.067276252720504,6.12257985881158,Medium,Urban,9.048416784029088,7.0,2081.573145538102,1,1723
1,7,10,1,1,32.93329838234327,4.843984475740406,Small,Urban,0.7073222693671503,7.1,4370.84760864222,0,1417
3,6,12,1,1,33.8635042291385,6.608201182992507,Large,Suburban,6.806002018668097,7.1,2253.3916703405725,0,1602
1,5,5,0,1,21.0319161331742,5.530014525919585,Medium,Suburban,9.65224712502873,9.5,4155.729887104029,0,1319
3,6,6,0,0,33.398349291000784,5.974758626319301,Small,Urban,5.821597742887499,8.6,4567.4885792429395,0,1095
2,2,5,0,1,20.883308754202005,7.83832553418862,Large,Suburban,9.399813389314373,8.0,2735.2696783061183,0,1533
3,2,11,1,0,31.76527513939862,4.8090383144898485,Small,Urban,0.9964498532172258,6.5,4639.772575417568,1,2037
1,6,12,0,1,39.9870699913167,0.40754106092472764,Large,Urban,4.478536531204533,9.1,2509.2722158527713,0,1612
1,1,5,1,0,31.116131628743595,1.6399948098949724,Medium,Urban,2.971499014139486,9.8,4856.313665960433,0,2006
2,4,4,0,1,29.46420236162667,4.386072164895384,Small,Urban,7.442799167316933,9.1,1357.1580981022917,1,1563
3,2,3,1,0,26.257097130111752,7.248265598740583,Large,Urban,9.822322359723843,5.0,3748.077066012971,1,1701
3,6,3,1,1,22.41045157572929,5.932786483101787,Small,Urban,2.937035593220354,8.2,2975.256161827715,1,1720
2,7,4,0,0,34.62047342916563,6.502941858734539,Small,Urban,6.714658714003708,5.3,2550.5952218225884,0,659
3,6,9,1,1,23.851980555712608,4.792789285762873,Medium,Suburban,2.381927511217531,6.3,3530.847514994404,0,1295
3,3,2,1,0,22.305640424945686,6.157420219422428,Small,Urban,5.870637418430294,5.3,3815.4283665373246,0,1449
1,4,9,0,1,28.43525319461025,3.290174378146622,Large,Urban,4.907358623539194,8.0,1017.4530786012364,1,1639
3,5,1,1,0,35.90683675918195,4.7018259269666505,Large,Suburban,9.734050631499603,8.4,1667.8123549887948,0,1433
3,1,1,0,0,34.90129096240441,7.4427906559495565,Large,Suburban,6.281009090616433,5.6,3852.184202537275,1,1801
2,5,5,1,1,21.0976522929295,8.718327789731212,Large,Suburban,3.8203105348247783,6.9,3665.541654312826,0,1528
2,4,6,0,1,29.102873700723123,4.336553339563888,Medium,Urban,1.5839099564353671,7.3,4864.1900205147085,1,1876
1,4,6,0,0,30.448691521423378,0.4366165770736119,Small,Rural,1.9368448729818784,6.8,4044.151161003132,0,1045
3,4,3,1,1,32.89093301251644,1.6167254414680265,Medium,Rural,2.6405108345367334,5.6,4803.090830925352,0,1725
3,5,7,1,0,33.003347008864566,0.208611392915381,Small,Suburban,2.884183282732831,7.1,3810.1620061392277,0,1457
3,7,9,1,0,27.29394498914612,6.532630192373301,Small,Rural,8.580852549490809,8.8,2192.2088345577727,1,1282
1,4,11,1,0,31.21354388007028,3.323146253551089,Small,Suburban,5.831616488683987,5.4,1421.4596890034259,1,1413
1,6,12,1,1,29.621237676881726,5.424786357193675,Medium,Urban,5.472213658056481,5.4,4127.295453379742,0,1581
2,5,10,0,0,37.69996713046562,4.932768467837995,Small,Rural,1.590304282757566,6.8,3576.596885903664,0,1096
1,4,8,1,0,30.605302652698004,0.815264895524267,Medium,Urban,8.671327086819632,9.7,1192.7440495731848,0,1317
3,6,6,0,1,28.82064323496323,4.032613611238318,Large,Rural,7.366735880480595,8.3,2440.2018636039134,1,1516
3,7,12,0,1,28.089708993637014,2.2056112492232325,Large,Urban,1.142849438050015,8.4,4827.199261937145,0,1446
1,3,8,1,1,31.448555188669314,4.1839978866765275,Small,Rural,7.224433423682802,6.8,3001.604582840805,0,1499
3,7,12,0,1,36.07953958801795,2.0357828034224266,Medium,Urban,5.663613064755138,8.0,2730.9165440788183,0,1279
3,4,5,0,0,30.76802980761575,8.404524062769335,Large,Urban,1.2763907845943934,5.1,2830.7984206371757,0,1180
1,5,8,0,0,33.23310350161083,1.7419333657825364,Medium,Rural,4.853856094522237,8.2,1835.5308960206548,1,1289
1,2,10,0,0,34.757115338130504,9.607805514869769,Medium,Urban,5.104614727735446,9.6,2474.828683459181,1,1832
3,4,12,1,0,30.403362197574637,4.159073661469408,Small,Urban,2.0748581315511196,8.1,2479.2530239487064,0,1445
3,2,4,0,1,28.536341133097288,8.462452920190493,Large,Urban,9.484132396502682,9.4,1209.4200807498896,0,1842
3,6,10,1,0,37.53330755724899,6.287648182059451,Small,Rural,8.57476602906629,8.6,4070.270514071673,1,1426
2,3,8,1,0,28.35012168055784,7.353502986657526,Small,Rural,6.855712204626529,5.6,2666.017727615516,1,1584
2,1,10,0,1,29.23885701151175,7.677238880667803,Large,Urban,4.891807829505768,9.5,4288.719547265693,0,1842
2,7,12,1,0,39.80682626683554,5.0484488189301775,Large,Urban,4.411772645052831,5.3,4401.392004479581,1,1252
1,3,2,1,0,20.004750471517692,5.433005233632883,Medium,Rural,6.684247937934065,7.7,1847.9762187946321,1,1319
2,4,12,1,0,23.70945819153445,5.1399586780872495,Large,Rural,5.681602759365602,5.7,3629.4139286805143,0,1294
1,2,12,0,0,27.679277798394516,5.880583780900793,Medium,Urban,1.0915945058779133,5.1,2889.1272166519266,1,1524
1,7,5,1,0,38.651798188505055,0.2939444575650729,Medium,Urban,5.368775163318151,7.1,4520.62695168594,1,1434
2,2,9,1,0,21.40059411494942,3.9551516984901527,Medium,Urban,8.160834363711976,6.5,1862.9627167058165,0,1173
2,5,4,1,1,20.18970867256996,6.061887135611715,Large,Suburban,4.862778837171102,7.4,3711.2528012401767,0,1439
2,2,11,0,1,21.053676719544573,5.977235652558644,Small,Rural,0.9935874867655499,7.9,3431.00848901089,1,1847
3,5,6,1,0,21.77086821227236,7.9295609460563155,Medium,Suburban,7.969642894148315,5.2,2181.205910287331,0,1046
2,6,1,0,0,20.751935464125218,6.550093388321086,Small,Rural,2.4129559302917567,5.6,1546.4036146046906,1,916
3,7,9,0,1,29.595626537130094,9.921333163406723,Small,Rural,2.9568979314363686,7.8,3606.5590419091063,0,1172
1,7,1,0,0,31.615144144546555,2.8385452860864504,Large,Rural,2.064710357606811,6.7,3954.3898325293226,1,1146
3,1,5,0,0,25.433739421380082,3.5915102966623147,Small,Rural,3.6370431162792265,8.6,2262.5093750533997,0,1578
2,4,4,0,0,27.96574767951271,3.838471518677963,Small,Rural,7.689139304042032,8.3,3579.3304160892553,1,1285
1,5,12,0,1,21.833986702228604,4.658128070202485,Large,Rural,5.434165665287405,9.2,2580.523630446013,1,1529
1,1,3,1,0,26.72740927656844,8.359980637812095,Medium,Rural,2.4463721044317692,8.5,3852.827533130471,1,1909
1,2,6,0,1,30.450383832690463,2.3579209395920984,Small,Suburban,8.839385742444389,7.1,1796.8610995762124,0,1573
3,2,2,1,0,34.645436143692905,7.760002070354295,Large,Urban,8.856027622039527,8.4,4560.860010544698,0,1613
2,1,3,1,1,20.066927240859584,4.053101830857434,Small,Urban,8.770495037937065,6.4,2149.638385862319,1,1973
1,7,5,0,1,29.34621533075305,6.018553836620085,Small,Suburban,2.768564008124623,6.5,2471.143951024612,1,1320
1,2,9,1,0,25.940057529097643,6.3254053322630615,Medium,Suburban,4.786773769719387,8.9,1232.367808321399,0,1417
1,6,2,1,1,37.05643643383803,3.7284863718893444,Small,Suburban,9.857401733338314,7.2,1446.0488492851055,0,1388
3,6,10,1,0,34.31106630468484,5.1261520520580515,Large,Suburban,7.834118524944908,9.0,3063.4476108493127,0,1171
3,1,8,1,1,31.782170689417896,4.13031174647697,Small,Rural,0.7580905016428183,9.1,2070.370706911886,0,1896
2,5,2,0,0,25.545312913935472,0.6913278618661944,Medium,Urban,1.1194436169746744,9.3,4341.920902968777,0,1252
3,5,11,1,0,38.20678204115069,4.371653888168265,Medium,Rural,4.907348079717162,9.6,1058.7735546198153,0,1168
1,1,5,0,1,20.902013544406465,0.9739339255355217,Large,Urban,9.137591955684822,7.2,2516.376194687745,1,1684
2,5,7,1,0,22.189351973582305,4.050207990803215,Medium,Urban,5.617667080550785,6.6,2349.3821870763704,0,1166
1,7,8,1,0,27.83260281080712,5.929183998317819,Small,Suburban,5.2292188263257575,7.9,1077.310523670404,1,1270
1,7,1,0,1,22.488751145937126,5.794148993435008,Medium,Rural,1.5020001495879907,6.9,1497.473596002041,0,944
3,5,6,1,0,39.1283139511885,6.626212790083203,Large,Suburban,6.739410994880793,8.0,2654.570699674541,0,1286
2,6,1,1,0,35.95978644286767,0.9526150795462629,Medium,Rural,8.309980025702142,8.5,2971.4583377897866,1,1585
3,5,2,1,1,25.179653032036274,6.521232455304379,Medium,Urban,4.113990071321842,8.4,2617.1589890194764,1,1684
3,7,1,0,1,31.771084579464908,3.121480566964471,Medium,Suburban,7.868312583790611,6.9,3123.7507136483755,0,988
2,3,11,1,0,39.64661030160163,3.9904594613711106,Large,Suburban,9.66252821205771,5.8,3380.526699622726,1,1789
1,4,5,0,0,37.68397956263006,8.579862539227058,Medium,Urban,2.4357813617130466,7.2,1039.6952845113426,1,1392
1,2,10,1,1,32.01596892884396,0.09030404129550251,Medium,Urban,5.471631496350042,5.7,2856.3806378140152,1,2169
2,3,9,0,1,38.07447934350541,5.884126333406055,Small,Urban,3.227810601803468,9.5,4853.996963550353,1,1862
1,5,6,0,0,39.78369819626718,5.987139801001076,Large,Suburban,8.032116980821474,6.7,3076.1291205181947,0,966
2,6,11,1,1,34.86705645787248,3.9665977634356198,Medium,Rural,5.987136975870996,5.8,3710.169069835813,1,1685
2,1,11,1,0,21.29972818965788,2.370278571083362,Large,Suburban,6.5285329667278855,5.1,2247.455431667533,0,1475
3,5,1,0,0,28.03160472850975,2.346740382615511,Medium,Rural,8.080184516350993,8.2,4095.96551261105,0,1177
2,6,1,0,0,36.75651470566491,8.837096696607526,Medium,Suburban,4.261719490293322,8.2,4091.6859275044603,0,1112
3,4,2,1,0,24.61138391610038,4.420243737828575,Medium,Suburban,9.193355649866911,6.7,3085.184190616556,0,1237
1,5,9,0,0,36.61285035501249,3.3088936298917195,Small,Urban,5.56377423883833,5.4,4904.055293116855,1,1310
1,7,3,1,1,22.40677524069992,4.48777573831403,Small,Rural,2.000570816935806,7.0,1502.2008590506134,1,1575
1,1,1,1,1,20.93890714295626,6.693904014593613,Small,Suburban,7.111041622603623,6.6,1067.790659558324,0,1547
1,6,5,1,1,27.681812229824992,1.457565682447517,Large,Suburban,8.035982829163416,8.4,4080.632847028384,0,1579
3,6,7,1,1,20.734638748532273,4.494338352137377,Large,Urban,3.5092359321415034,8.0,4228.62214945953,0,1412
1,6,6,0,0,39.14540525966651,5.878843711103869,Small,Urban,8.643202941488154,6.8,1480.828916482305,0,933
2,4,12,1,0,36.52411391587932,9.485833548514337,Large,Rural,9.10836092027478,6.1,2062.3313318344244,1,1401
2,5,1,0,0,36.0153937425975,2.5252778207541926,Medium,Suburban,3.130592630089185,9.9,1070.2094534665157,0,1239
2,4,5,1,0,32.59555845992306,3.592507479162456,Medium,Rural,9.84345399079461,7.3,2173.234443122259,1,1534
3,2,5,0,1,24.32648046073107,3.7935858992242375,Medium,Suburban,1.836759516463205,8.4,4092.567495674686,0,1905
1,2,6,1,0,30.36520733352784,6.055381576448829,Small,Rural,2.419148849823655,5.7,3071.8421108503157,0,1419
1,5,3,0,0,31.94548144860682,3.567320530400017,Large,Urban,2.250135972761248,7.4,2392.3823726731525,0,1161
1,7,5,0,1,30.500630017205363,5.3351192529969556,Small,Suburban,8.992902245074768,5.1,2486.9571796253213,0,859
3,4,7,1,1,25.204667359030545,7.817903298450294,Large,Rural,6.715779247087138,7.5,1005.4145028618726,1,1712
2,1,5,1,1,30.304958486294517,7.053855941122036,Medium,Urban,1.9449906906115924,9.8,2199.2021102609433,1,2328
2,6,5,1,1,29.82372681737253,4.463686465125855,Small,Urban,4.6830724744993155,6.9,3585.834966551722,1,1540
1,6,5,1,0,39.926715516134486,8.64216177674169,Large,Rural,6.345331238163119,5.2,4896.777775265428,0,1075
2,5,10,0,0,37.94872296092407,5.581402495938629,Large,Suburban,1.2929088073991413,5.2,4388.243307935598,0,1208
2,7,10,1,1,29.2676149643124,5.399058395022125,Medium,Suburban,8.882955499869718,6.9,1094.3798585821164,1,1411
3,2,3,0,0,32.45874765870237,0.34187765939158177,Small,Urban,8.134233586694585,5.8,4594.242418699358,1,1541
3,2,1,0,0,34.95743208184457,9.866929803571615,Small,Suburban,5.299464348978063,5.1,4132.793653194503,0,1205
3,6,5,1,0,20.697303204676498,1.2297080852962672,Small,Suburban,9.68770284496212,8.8,4121.504494283921,0,1050
3,5,9,0,1,37.8984288245568,2.311309124276466,Medium,Suburban,4.468729303113447,7.3,2831.983036014286,1,1690
1,4,1,0,0,37.20253632835848,0.5169683724152696,Small,Urban,9.84904803084673,6.4,2592.021171818011,0,1155
3,2,3,0,1,29.148641955474147,6.400029668369137,Medium,Rural,6.845239988634457,9.5,2211.6629153327704,0,1457
2,4,4,0,0,27.823395321607595,2.2470117697268,Medium,Suburban,6.5293770959124435,5.6,1262.779435817463,1,1336
1,7,1,1,0,25.4591874971263,1.800104374727235,Medium,Urban,2.0765715053099574,9.8,1912.9414539747963,0,1264
2,2,1,1,0,29.533536566607367,0.8855558422324139,Large,Urban,8.878313703894118,6.6,1986.4145399120985,1,1498
2,2,8,1,1,20.887533270664736,1.0330895712401567,Small,Rural,4.5611520352458435,9.4,2936.3082788408065,0,1943
2,3,2,1,0,37.04387066694015,5.8467070044258875,Small,Suburban,2.041217354933554,8.0,3989.777626386776,1,1945
3,2,12,0,1,20.7084473683709,6.882078658665955,Medium,Suburban,0.6197714397697109,9.1,2895.2393135917864,0,1666
3,1,8,0,1,26.58102730739742,3.97378988464401,Medium,Rural,5.817678994564634,9.9,1231.3777977886425,1,1854
1,5,7,1,1,38.631789766379796,4.7989708159207325,Small,Rural,5.5102964101654255,6.4,4831.159203952815,1,1980
1,5,10,1,0,34.70425309046905,6.859677359829841,Medium,Urban,7.333859412507007,9.8,4770.897276376449,1,1713
3,4,10,1,0,25.627819211550538,0.17379790185479638,Small,Urban,8.95745150366912,6.9,4140.758172593633,1,1612
2,7,2,0,0,25.052981879217704,3.2313065707027855,Large,Rural,1.2543625541087804,6.9,4965.311606256882,0,1157
1,2,6,1,0,20.10164279636052,9.730977480703464,Medium,Suburban,7.449216658233443,6.7,3177.929331201052,0,1396
3,1,6,1,1,33.91428585699501,5.801122296954681,Small,Urban,2.280413468927031,7.7,4851.073401012824,1,2263
3,4,3,1,1,20.975671633463463,2.5422457989749327,Medium,Urban,8.652682004993057,5.8,1302.4201624670031,0,1352
3,3,11,0,1,30.65205038801524,5.217300466362131,Small,Suburban,8.281103381685732,7.8,2462.722993045485,0,1401
2,4,2,0,0,39.242439451840994,3.4265348812091534,Small,Urban,5.637540672362672,7.7,1901.5250720270633,0,1232
3,4,12,0,1,22.189377201089076,5.322449888262991,Medium,Suburban,7.247306586921459,8.8,1783.3323365370802,0,1271
3,2,1,0,0,37.88959861936135,1.2574151180664883,Large,Suburban,3.48632607524561,9.2,1563.2117955707045,0,1458
3,3,6,0,1,39.829506702900964,1.3271465381927738,Small,Suburban,4.976095039861739,7.2,3489.6545662639865,1,1767
3,4,12,0,0,21.2303405247847,1.4354236203939286,Small,Rural,8.30555052824948,6.5,4125.28742298922,1,1250
1,1,5,0,0,37.658125382749226,9.398197919268418,Small,Rural,4.863019373145532,6.3,3313.1935976814425,1,1689
1,1,11,0,1,30.321580408872332,7.328989183413418,Large,Rural,3.899083520591697,6.0,1587.8508383528388,1,1608
3,5,9,1,1,38.1302743888916,1.623818946623209,Large,Suburban,5.195018248877849,5.3,4244.495079733884,0,1654
2,3,1,1,1,31.426378838391482,1.8834908376560144,Medium,Suburban,8.368367898153576,6.7,3543.818828654914,0,1728
1,3,7,0,1,33.24224020213129,7.3082947487087635,Large,Rural,3.6844764500232907,6.4,2552.662824507982,1,1700
3,5,5,0,0,30.875578159947985,1.5616384479217393,Medium,Urban,2.1507351347895662,9.8,3696.5211821442517,0,1477
1,4,5,1,1,37.28985760614697,2.3456129333482867,Medium,Suburban,7.264133193142417,7.8,2039.6199169713313,0,1776
1,3,2,0,1,34.67819837907403,9.63346832820399,Large,Urban,8.346793020726778,6.7,2380.768833976842,1,1659
2,1,11,0,1,30.425206243608297,2.5530652472843185,Medium,Urban,1.4560560459735665,7.9,4669.943372527961,0,2009
3,1,3,0,0,37.36321608103094,6.616323503711468,Large,Suburban,2.778804071181475,5.7,2162.0180226856814,1,1810
3,2,7,1,0,24.90571064510669,9.786312874005304,Medium,Suburban,1.848733902729442,7.2,2879.953072631746,1,1748
2,3,6,1,1,23.14681319405052,3.7429676713979267,Large,Urban,3.805443410030583,8.1,4560.564549584058,0,1893
2,4,12,1,0,23.20800210660144,0.17515990862062236,Large,Urban,4.77833429960142,7.4,3830.8854010701098,0,1428
3,5,2,1,1,26.680177574904757,2.4414729042237426,Medium,Rural,7.613850201151411,7.0,1248.812904658811,1,1422
3,5,6,1,0,24.77380062602035,8.308771913417054,Small,Rural,6.685902056375904,10.0,1589.2121771158813,1,1410
2,4,2,0,0,38.601807010194776,8.646088359550367,Medium,Suburban,6.398821391045096,9.4,1031.3663630876672,0,1176
1,7,2,1,0,22.11668187657168,7.685193645237912,Large,Rural,3.847561992791717,8.1,3523.6871609166537,1,1438
1,6,2,0,0,33.979814760791754,1.1310981907657303,Small,Rural,8.493751754305219,7.8,2790.693701641673,1,1222
2,2,11,0,1,23.784430795700118,7.9551037169640315,Medium,Rural,4.977228090282563,8.1,1537.0994036091022,1,1740
1,5,3,1,1,37.632742655407,9.186777969935044,Medium,Rural,9.801496911143968,6.0,4831.736484227082,0,1554
2,3,2,1,1,39.22630576369815,6.006095425462361,Medium,Urban,6.5243503138095,7.0,3118.6388957824797,1,2175
1,2,4,0,0,29.309400175399674,9.408753563380648,Small,Suburban,1.699515044862776,5.2,1967.5731764515567,0,1138
1,3,9,0,1,37.58142960456263,8.268388837118774,Large,Rural,6.923686839716623,7.4,3002.41428461883,1,1785
3,7,6,0,1,20.102903415094296,6.669715169909073,Medium,Urban,3.5884881466011405,7.7,3718.4813309404312,0,1095
3,1,1,1,1,36.398938348162005,5.771852367117481,Medium,Urban,7.020108368517926,6.1,1304.9568718942578,1,2199
1,2,8,1,0,24.57250323049847,3.485736672419705,Medium,Urban,1.1615909075428545,9.8,2098.815260191568,0,1681
1,5,12,1,0,38.17402618538736,1.5928744524280514,Medium,Rural,2.161373653171614,9.5,4227.861963535975,0,1532
3,2,7,1,0,20.02240222960219,6.0495392269054085,Medium,Rural,8.62950395960497,8.6,2838.659481610645,0,1464
3,2,10,1,1,31.12363470079514,3.1811155361811947,Large,Suburban,2.6582057917233914,7.7,3186.3085681291795,1,2137
3,2,3,0,1,35.132716075698696,8.664386675276454,Large,Rural,8.45189068980793,9.3,2731.264008837877,1,1975
2,6,1,1,1,25.173766613958158,9.933369373586284,Medium,Rural,3.153122840316899,5.7,1175.5997705720206,1,1387
1,2,5,0,0,23.86265729174586,7.524277626155725,Small,Urban,6.607378145557723,9.0,1662.9991192806237,0,1228
3,3,4,0,0,21.681964489359693,0.9048169528705075,Large,Suburban,7.094430448343394,5.6,2782.1665549675636,1,1475
1,1,10,0,1,26.528671530065857,2.8868559553063813,Small,Rural,5.370220154878003,9.0,1836.7418616317113,0,1591
2,7,8,1,0,31.19688624617659,1.0910963176574973,Large,Rural,3.4004514286189473,6.4,1199.916114638715,1,1153
2,4,1,1,0,22.316877135605154,6.5051164779171575,Medium,Urban,2.520121575525413,9.4,4374.598656207295,0,1348
3,2,10,1,0,27.533907239735974,7.651908645557847,Large,Urban,0.8152988683430491,9.7,4924.770116656464,0,1663
2,5,1,0,0,20.1814480930545,9.256748308807119,Medium,Rural,3.387490811786876,5.7,4172.571495986958,0,886
1,2,12,0,1,36.373588409996835,4.381723464119877,Large,Suburban,6.705046510047189,7.3,4415.1396868186675,1,1978
3,5,4,0,0,22.568974361863827,9.013756495884444,Medium,Suburban,9.413895775260585,9.9,1967.9085212681816,1,1406
1,3,8,0,0,25.666858965311633,8.778911590413275,Medium,Urban,8.776442581498994,7.4,4842.507902052799,1,1478
1,5,5,0,0,20.36855437476435,3.1719571676539857,Medium,Urban,7.777615377085374,9.3,1787.7028178137134,0,1113
2,4,2,0,0,28.644815677850247,8.68900625540571,Medium,Rural,7.990249760906337,7.9,4805.719241447329,0,1285
2,1,6,1,1,36.80243005482438,3.7567225188172646,Small,Urban,6.817356583021955,6.9,4979.277175863805,1,2294
2,5,5,1,1,27.843024228903932,2.968692745602808,Medium,Rural,2.9727251468770284,6.4,3846.891222984195,1,1997
2,5,2,1,0,23.58994646847667,6.490746587943931,Small,Suburban,9.118352791705384,6.0,4924.574927167288,1,1405
2,1,11,1,0,35.073976681010386,3.2838122788508106,Small,Suburban,6.871956963105424,8.8,3278.1591182684147,0,1890
